BEGIN TRANSACTION;
CREATE TABLE T_Data (event_id INTEGER NOT NULL, title_id INTEGER, short_description_id INTEGER, extended_description_id INTEGER, iso_639_language_code TEXT NOT NULL, changed DATETIME NOT NULL DEFAULT current_timestamp);
INSERT INTO "T_Data" VALUES(1,1,NULL,NULL,'en','2000-02-02 00:00:00');
INSERT INTO "T_Data" VALUES(2,2,NULL,NULL,'en','2000-02-02 00:00:00');
INSERT INTO "T_Data" VALUES(3,3,NULL,NULL,'en','2000-02-02 00:00:00');
INSERT INTO "T_Data" VALUES(4,4,NULL,NULL,'en','2000-02-02 00:00:00');
INSERT INTO "T_Data" VALUES(5,5,NULL,NULL,'en','2000-02-02 00:00:00');
INSERT INTO "T_Data" VALUES(6,6,NULL,NULL,'en','2000-02-02 00:00:00');
INSERT INTO "T_Data" VALUES(7,7,NULL,NULL,'en','2000-02-02 00:00:00');
INSERT INTO "T_Data" VALUES(8,8,NULL,NULL,'en','2000-02-02 00:00:00');
INSERT INTO "T_Data" VALUES(9,9,NULL,NULL,'en','2000-02-02 00:00:00');
INSERT INTO "T_Data" VALUES(10,10,NULL,NULL,'en','2000-02-02 00:00:00');
INSERT INTO "T_Data" VALUES(11,11,NULL,NULL,'en','2000-02-02 00:00:00');
INSERT INTO "T_Data" VALUES(12,12,NULL,NULL,'en','2000-02-02 00:00:00');
INSERT INTO "T_Data" VALUES(13,13,NULL,NULL,'en','2000-02-02 00:00:00');
INSERT INTO "T_Data" VALUES(14,14,NULL,NULL,'en','2000-02-02 00:00:00');
INSERT INTO "T_Data" VALUES(15,15,NULL,NULL,'en','2000-02-02 00:00:00');
INSERT INTO "T_Data" VALUES(16,16,NULL,NULL,'en','2000-02-02 00:00:00');
INSERT INTO "T_Data" VALUES(17,17,NULL,NULL,'en','2000-02-02 00:00:00');
INSERT INTO "T_Data" VALUES(18,18,NULL,NULL,'en','2000-02-02 00:00:00');
INSERT INTO "T_Data" VALUES(19,19,NULL,NULL,'en','2000-02-02 00:00:00');
INSERT INTO "T_Data" VALUES(20,20,NULL,NULL,'en','2000-02-02 00:00:00');
INSERT INTO "T_Data" VALUES(21,21,NULL,NULL,'en','2000-02-02 00:00:00');
INSERT INTO "T_Data" VALUES(22,22,NULL,NULL,'en','2000-02-02 00:00:00');
INSERT INTO "T_Data" VALUES(23,23,NULL,NULL,'en','2000-02-02 00:00:00');
INSERT INTO "T_Data" VALUES(24,24,NULL,NULL,'en','2000-02-02 00:00:00');
INSERT INTO "T_Data" VALUES(25,25,NULL,NULL,'en','2000-02-02 00:00:00');
INSERT INTO "T_Data" VALUES(26,26,NULL,NULL,'en','2000-02-02 00:00:00');
INSERT INTO "T_Data" VALUES(27,27,NULL,NULL,'en','2000-02-02 00:00:00');
INSERT INTO "T_Data" VALUES(28,28,NULL,NULL,'en','2000-02-02 00:00:00');
INSERT INTO "T_Data" VALUES(29,29,NULL,NULL,'en','2000-02-02 00:00:00');
INSERT INTO "T_Data" VALUES(30,30,NULL,NULL,'en','2000-02-02 00:00:00');
INSERT INTO "T_Data" VALUES(31,31,NULL,NULL,'en','2000-02-02 00:00:00');
INSERT INTO "T_Data" VALUES(32,32,NULL,NULL,'en','2000-02-02 00:00:00');
INSERT INTO "T_Data" VALUES(33,33,NULL,NULL,'en','2000-02-02 00:00:00');
INSERT INTO "T_Data" VALUES(34,34,NULL,NULL,'en','2000-02-02 00:00:00');
INSERT INTO "T_Data" VALUES(35,35,NULL,NULL,'en','2000-02-02 00:00:00');
INSERT INTO "T_Data" VALUES(36,36,NULL,NULL,'en','2000-02-02 00:00:00');
INSERT INTO "T_Data" VALUES(37,37,NULL,NULL,'en','2000-02-02 00:00:00');
INSERT INTO "T_Data" VALUES(38,38,NULL,NULL,'en','2000-02-02 00:00:00');
INSERT INTO "T_Data" VALUES(39,39,NULL,NULL,'en','2000-02-02 00:00:00');
INSERT INTO "T_Data" VALUES(40,40,NULL,NULL,'en','2000-02-02 00:00:00');
INSERT INTO "T_Data" VALUES(41,41,NULL,NULL,'en','2000-02-02 00:00:00');
INSERT INTO "T_Data" VALUES(42,42,NULL,NULL,'en','2000-02-02 00:00:00');
INSERT INTO "T_Data" VALUES(43,43,NULL,NULL,'en','2000-02-02 00:00:00');
INSERT INTO "T_Data" VALUES(44,44,NULL,NULL,'en','2000-02-02 00:00:00');
INSERT INTO "T_Data" VALUES(45,45,NULL,NULL,'en','2000-02-02 00:00:00');
INSERT INTO "T_Data" VALUES(46,46,NULL,NULL,'en','2000-02-02 00:00:00');
INSERT INTO "T_Data" VALUES(47,47,NULL,NULL,'en','2000-02-02 00:00:00');
INSERT INTO "T_Data" VALUES(48,48,NULL,NULL,'en','2000-02-02 00:00:00');
INSERT INTO "T_Data" VALUES(49,49,NULL,NULL,'en','2000-02-02 00:00:00');
INSERT INTO "T_Data" VALUES(50,50,NULL,NULL,'en','2000-02-02 00:00:00');
INSERT INTO "T_Data" VALUES(51,51,NULL,NULL,'en','2000-02-02 00:00:00');
INSERT INTO "T_Data" VALUES(52,52,NULL,NULL,'en','2000-02-02 00:00:00');
INSERT INTO "T_Data" VALUES(53,33,NULL,NULL,'en','2000-02-02 00:00:00');
INSERT INTO "T_Data" VALUES(54,53,NULL,NULL,'en','2000-02-02 00:00:00');
INSERT INTO "T_Data" VALUES(55,54,NULL,NULL,'en','2000-02-02 00:00:00');
INSERT INTO "T_Data" VALUES(56,55,NULL,NULL,'en','2000-02-02 00:00:00');
INSERT INTO "T_Data" VALUES(57,56,NULL,NULL,'en','2000-02-02 00:00:00');
INSERT INTO "T_Data" VALUES(58,57,NULL,NULL,'en','2000-02-02 00:00:00');
CREATE TABLE T_Event (id INTEGER PRIMARY KEY, service_id INTEGER NOT NULL, begin_time INTEGER NOT NULL, duration INTEGER NOT NULL, source_id INTEGER NOT NULL, dvb_event_id INTEGER, changed DATETIME NOT NULL DEFAULT current_timestamp);
INSERT INTO "T_Event" VALUES(1,1,1650016800,14400,5,1,'2000-02-02 00:00:00');
INSERT INTO "T_Event" VALUES(2,1,1650031200,1800,5,2,'2000-02-02 00:00:00');
INSERT INTO "T_Event" VALUES(3,1,1650033000,1800,5,3,'2000-02-02 00:00:00');
INSERT INTO "T_Event" VALUES(4,1,1650034800,7200,5,4,'2000-02-02 00:00:00');
INSERT INTO "T_Event" VALUES(5,1,1650042000,3600,5,5,'2000-02-02 00:00:00');
INSERT INTO "T_Event" VALUES(6,1,1650045600,3600,5,6,'2000-02-02 00:00:00');
INSERT INTO "T_Event" VALUES(7,1,1650049200,3600,5,7,'2000-02-02 00:00:00');
INSERT INTO "T_Event" VALUES(8,1,1650052800,0,5,8,'2000-02-02 00:00:00');
INSERT INTO "T_Event" VALUES(9,1,1650052800,7200,5,9,'2000-02-02 00:00:00');
INSERT INTO "T_Event" VALUES(10,1,1650060000,3600,5,10,'2000-02-02 00:00:00');
INSERT INTO "T_Event" VALUES(11,1,1650099600,3600,5,11,'2000-02-02 00:00:00');
INSERT INTO "T_Event" VALUES(12,1,1650103200,0,5,12,'2000-02-02 00:00:00');
INSERT INTO "T_Event" VALUES(13,1,1650103200,0,5,13,'2000-02-02 00:00:00');
INSERT INTO "T_Event" VALUES(14,1,1650103200,3600,5,14,'2000-02-02 00:00:00');
INSERT INTO "T_Event" VALUES(15,1,1650106800,5400,5,15,'2000-02-02 00:00:00');
INSERT INTO "T_Event" VALUES(16,1,1650112200,5400,5,16,'2000-02-02 00:00:00');
INSERT INTO "T_Event" VALUES(17,1,1650117600,1800,5,17,'2000-02-02 00:00:00');
INSERT INTO "T_Event" VALUES(18,1,1650119400,1800,5,18,'2000-02-02 00:00:00');
INSERT INTO "T_Event" VALUES(19,1,1650121200,1800,5,19,'2000-02-02 00:00:00');
INSERT INTO "T_Event" VALUES(20,1,1650123000,1800,5,20,'2000-02-02 00:00:00');
INSERT INTO "T_Event" VALUES(21,1,1650124800,0,5,21,'2000-02-02 00:00:00');
INSERT INTO "T_Event" VALUES(22,1,1650124800,0,5,22,'2000-02-02 00:00:00');
INSERT INTO "T_Event" VALUES(23,1,1650124800,0,5,23,'2000-02-02 00:00:00');
INSERT INTO "T_Event" VALUES(24,1,1650124800,0,5,24,'2000-02-02 00:00:00');
INSERT INTO "T_Event" VALUES(25,1,1650124800,5400,5,25,'2000-02-02 00:00:00');
INSERT INTO "T_Event" VALUES(26,1,1650130200,0,5,26,'2000-02-02 00:00:00');
INSERT INTO "T_Event" VALUES(27,1,1650130200,5400,5,27,'2000-02-02 00:00:00');
INSERT INTO "T_Event" VALUES(28,1,1650135600,5400,5,28,'2000-02-02 00:00:00');
INSERT INTO "T_Event" VALUES(29,1,1650141000,0,5,29,'2000-02-02 00:00:00');
INSERT INTO "T_Event" VALUES(30,1,1650141000,0,5,30,'2000-02-02 00:00:00');
INSERT INTO "T_Event" VALUES(31,1,1650141000,0,5,31,'2000-02-02 00:00:00');
INSERT INTO "T_Event" VALUES(32,1,1650141000,7200,5,32,'2000-02-02 00:00:00');
INSERT INTO "T_Event" VALUES(33,1,1650148200,1800,5,33,'2000-02-02 00:00:00');
INSERT INTO "T_Event" VALUES(34,1,1650150000,3600,5,34,'2000-02-02 00:00:00');
INSERT INTO "T_Event" VALUES(35,1,1650186000,1800,5,35,'2000-02-02 00:00:00');
INSERT INTO "T_Event" VALUES(36,1,1650187800,5400,5,36,'2000-02-02 00:00:00');
INSERT INTO "T_Event" VALUES(37,1,1650193200,0,5,37,'2000-02-02 00:00:00');
INSERT INTO "T_Event" VALUES(38,1,1650193200,0,5,38,'2000-02-02 00:00:00');
INSERT INTO "T_Event" VALUES(39,1,1650193200,7200,5,39,'2000-02-02 00:00:00');
INSERT INTO "T_Event" VALUES(40,1,1650200400,1800,5,40,'2000-02-02 00:00:00');
INSERT INTO "T_Event" VALUES(41,1,1650202200,0,5,41,'2000-02-02 00:00:00');
INSERT INTO "T_Event" VALUES(42,1,1650202200,0,5,42,'2000-02-02 00:00:00');
INSERT INTO "T_Event" VALUES(43,1,1650202200,0,5,43,'2000-02-02 00:00:00');
INSERT INTO "T_Event" VALUES(44,1,1650202200,6300,5,44,'2000-02-02 00:00:00');
INSERT INTO "T_Event" VALUES(45,1,1650208500,0,5,45,'2000-02-02 00:00:00');
INSERT INTO "T_Event" VALUES(46,1,1650208500,0,5,46,'2000-02-02 00:00:00');
INSERT INTO "T_Event" VALUES(47,1,1650208500,0,5,47,'2000-02-02 00:00:00');
INSERT INTO "T_Event" VALUES(48,1,1650208500,9900,5,48,'2000-02-02 00:00:00');
INSERT INTO "T_Event" VALUES(49,1,1650218400,7200,5,49,'2000-02-02 00:00:00');
INSERT INTO "T_Event" VALUES(50,1,1650225600,0,5,50,'2000-02-02 00:00:00');
INSERT INTO "T_Event" VALUES(51,1,1650225600,0,5,51,'2000-02-02 00:00:00');
INSERT INTO "T_Event" VALUES(52,1,1650225600,7200,5,52,'2000-02-02 00:00:00');
INSERT INTO "T_Event" VALUES(53,1,1650232800,1800,5,53,'2000-02-02 00:00:00');
INSERT INTO "T_Event" VALUES(54,1,1650234600,3600,5,54,'2000-02-02 00:00:00');
INSERT INTO "T_Event" VALUES(55,1,1650268800,3600,5,55,'2000-02-02 00:00:00');
INSERT INTO "T_Event" VALUES(56,1,1650272400,3600,5,56,'2000-02-02 00:00:00');
INSERT INTO "T_Event" VALUES(57,1,1650276000,5400,5,57,'2000-02-02 00:00:00');
INSERT INTO "T_Event" VALUES(58,1,1650281400,900,5,58,'2000-02-02 00:00:00');
CREATE TABLE T_Extended_Description (id INTEGER PRIMARY KEY, hash INTEGER NOT NULL UNIQUE, extended_description TEXT NOT NULL, changed DATETIME NOT NULL DEFAULT current_timestamp);
CREATE TABLE T_Service (id INTEGER PRIMARY KEY, sid INTEGER NOT NULL, tsid INTEGER, onid INTEGER, dvbnamespace INTEGER, changed DATETIME NOT NULL DEFAULT current_timestamp);
INSERT INTO "T_Service" VALUES(1,11857,28008,62511,1043668775,'2000-02-02 00:00:00');
CREATE TABLE T_Short_Description (id INTEGER PRIMARY KEY, hash INTEGER NOT NULL UNIQUE, short_description TEXT NOT NULL, changed DATETIME NOT NULL DEFAULT current_timestamp);
CREATE TABLE T_Source (id INTEGER PRIMARY KEY, source_name TEXT NOT NULL, priority INTEGER NOT NULL, changed DATETIME NOT NULL DEFAULT current_timestamp);
INSERT INTO "T_Source" VALUES(0,'Sky Private EPG',0,'2021-12-28 12:52:11');
INSERT INTO "T_Source" VALUES(1,'DVB Now/Next Table',0,'2021-12-28 12:52:11');
INSERT INTO "T_Source" VALUES(2,'DVB Schedule (same Transponder)',0,'2021-12-28 12:52:11');
INSERT INTO "T_Source" VALUES(3,'DVB Schedule Other (other Transponder)',0,'2021-12-28 12:52:11');
INSERT INTO "T_Source" VALUES(4,'Viasat',0,'2021-12-28 12:52:11');
INSERT INTO "T_Source" VALUES(5,'revision',1,'2000-02-02 00:00:00');
CREATE TABLE T_Title (id INTEGER PRIMARY KEY, hash INTEGER NOT NULL UNIQUE, title TEXT NOT NULL, changed DATETIME NOT NULL DEFAULT current_timestamp);
INSERT INTO "T_Title" VALUES(1,875262139,'Photo, Animation/Video, ASCII/ANSI/PETSC...','2000-02-02 00:00:00');
INSERT INTO "T_Title" VALUES(2,-449742850,'Opening ceremony','2000-02-02 00:00:00');
INSERT INTO "T_Title" VALUES(3,-2066183303,'Announcement of Fast Compos','2000-02-02 00:00:00');
INSERT INTO "T_Title" VALUES(4,828913526,'Introduction to the demoscene','2000-02-02 00:00:00');
INSERT INTO "T_Title" VALUES(5,1079065590,'Satellite hopping','2000-02-02 00:00:00');
INSERT INTO "T_Title" VALUES(6,-1607236667,'Meteoriks','2000-02-02 00:00:00');
INSERT INTO "T_Title" VALUES(7,-1350980321,'Womp is the most powerful web-based cont...','2000-02-02 00:00:00');
INSERT INTO "T_Title" VALUES(8,854960622,'Franky''s traditional beer seminar. The b...','2000-02-02 00:00:00');
INSERT INTO "T_Title" VALUES(9,590649112,'Shader Showdown Quarter Finals','2000-02-02 00:00:00');
INSERT INTO "T_Title" VALUES(10,-355012861,'ghost','2000-02-02 00:00:00');
INSERT INTO "T_Title" VALUES(11,1782475212,'Morning coffee with DFox & dojoe: maj7 j...','2000-02-02 00:00:00');
INSERT INTO "T_Title" VALUES(12,-1308050556,'Revision 5k Run','2000-02-02 00:00:00');
INSERT INTO "T_Title" VALUES(13,-1326570920,'Modern Graphics, 4K Executable Graphics,...','2000-02-02 00:00:00');
INSERT INTO "T_Title" VALUES(14,15476921,'A casual discussion about diffuse lighting','2000-02-02 00:00:00');
INSERT INTO "T_Title" VALUES(15,138303979,'Tracked Music','2000-02-02 00:00:00');
INSERT INTO "T_Title" VALUES(16,1959826161,'Shader Showdown Semi Finals','2000-02-02 00:00:00');
INSERT INTO "T_Title" VALUES(17,1073839793,'Meteoriks Laureates Screening','2000-02-02 00:00:00');
INSERT INTO "T_Title" VALUES(18,302214710,'Fast Music, Paintover','2000-02-02 00:00:00');
INSERT INTO "T_Title" VALUES(19,548001720,'Shader Showdown Final','2000-02-02 00:00:00');
INSERT INTO "T_Title" VALUES(20,1690344284,'Business Forum','2000-02-02 00:00:00');
INSERT INTO "T_Title" VALUES(21,-2000262558,'Bloop Museum tour','2000-02-02 00:00:00');
INSERT INTO "T_Title" VALUES(22,1244275556,'ASCII/ANSI/PETSCII','2000-02-02 00:00:00');
INSERT INTO "T_Title" VALUES(23,812682268,'Oldskool Music','2000-02-02 00:00:00');
INSERT INTO "T_Title" VALUES(24,-665916499,'Photo','2000-02-02 00:00:00');
INSERT INTO "T_Title" VALUES(25,-50349416,'3D','2000-02-02 00:00:00');
INSERT INTO "T_Title" VALUES(26,1414197600,'Animation/Video','2000-02-02 00:00:00');
INSERT INTO "T_Title" VALUES(27,147194993,'PC 64k','2000-02-02 00:00:00');
INSERT INTO "T_Title" VALUES(28,-223700841,'lug00ber','2000-02-02 00:00:00');
INSERT INTO "T_Title" VALUES(29,-1117305688,'Amiga Intro','2000-02-02 00:00:00');
INSERT INTO "T_Title" VALUES(30,-297116109,'PC 4k Intro','2000-02-02 00:00:00');
INSERT INTO "T_Title" VALUES(31,-127396833,'256 Byte Intro','2000-02-02 00:00:00');
INSERT INTO "T_Title" VALUES(32,-1728424877,'Oldskool Demo','2000-02-02 00:00:00');
INSERT INTO "T_Title" VALUES(33,-1068063081,'Compo Studio','2000-02-02 00:00:00');
INSERT INTO "T_Title" VALUES(34,-1030684721,'Mäck','2000-02-02 00:00:00');
INSERT INTO "T_Title" VALUES(35,1241561825,'Morning coffee with DFox & dojoe','2000-02-02 00:00:00');
INSERT INTO "T_Title" VALUES(36,-2143955875,'History and outlook on the Data Protecti...','2000-02-02 00:00:00');
INSERT INTO "T_Title" VALUES(37,-344166495,'Executable Music','2000-02-02 00:00:00');
INSERT INTO "T_Title" VALUES(38,-687687948,'Streaming Music','2000-02-02 00:00:00');
INSERT INTO "T_Title" VALUES(39,-1323372671,'Modern Graphics','2000-02-02 00:00:00');
INSERT INTO "T_Title" VALUES(40,741498552,'Ideas, Tech and Goals behind TAOHC - Can...','2000-02-02 00:00:00');
INSERT INTO "T_Title" VALUES(41,-46426895,'Fast Music','2000-02-02 00:00:00');
INSERT INTO "T_Title" VALUES(42,-1996430012,'4k Executable Graphics','2000-02-02 00:00:00');
INSERT INTO "T_Title" VALUES(43,-1980313625,'Oldskool Graphics','2000-02-02 00:00:00');
INSERT INTO "T_Title" VALUES(44,830969237,'WILD','2000-02-02 00:00:00');
INSERT INTO "T_Title" VALUES(45,1885177984,'Animated GIF','2000-02-02 00:00:00');
INSERT INTO "T_Title" VALUES(46,-99269659,'Paintover','2000-02-02 00:00:00');
INSERT INTO "T_Title" VALUES(47,1547774502,'Game','2000-02-02 00:00:00');
INSERT INTO "T_Title" VALUES(48,-2133389579,'Oldskool 4k Intro','2000-02-02 00:00:00');
INSERT INTO "T_Title" VALUES(49,-225978053,'wayfinder','2000-02-02 00:00:00');
INSERT INTO "T_Title" VALUES(50,610216387,'PC 8k Intro','2000-02-02 00:00:00');
INSERT INTO "T_Title" VALUES(51,1413067772,'Amiga Demo','2000-02-02 00:00:00');
INSERT INTO "T_Title" VALUES(52,-1636840431,'PC Demo','2000-02-02 00:00:00');
INSERT INTO "T_Title" VALUES(53,-990024625,'dojoe','2000-02-02 00:00:00');
INSERT INTO "T_Title" VALUES(54,-1398606235,'Voting','2000-02-02 00:00:00');
INSERT INTO "T_Title" VALUES(55,1005801286,'Morning coffee with DFox & dojoe: AMA','2000-02-02 00:00:00');
INSERT INTO "T_Title" VALUES(56,1014758273,'Prizegiving','2000-02-02 00:00:00');
INSERT INTO "T_Title" VALUES(57,-1508220975,'Stream ends','2000-02-02 00:00:00');
CREATE INDEX data_title ON T_Data (title_id);
CREATE INDEX data_shortdescr ON T_Data (short_description_id);
CREATE INDEX data_extdescr ON T_Data (extended_description_id);
CREATE INDEX service_sid ON T_Service (sid);
CREATE INDEX event_service_id_begin_time ON T_Event (service_id, begin_time);
CREATE INDEX event_dvb_id ON T_Event (dvb_event_id);
CREATE INDEX data_event_id ON T_Data (event_id);
CREATE TRIGGER tr_on_delete_cascade_t_event 			AFTER DELETE ON T_Event 			FOR EACH ROW BEGIN 			  DELETE FROM T_Data WHERE event_id = OLD.id; 			END;
CREATE TRIGGER tr_on_delete_cascade_t_service_t_event 			AFTER DELETE ON T_Service 			FOR EACH ROW BEGIN 			  DELETE FROM T_Event WHERE service_id = OLD.id; 			END;
CREATE TRIGGER tr_on_delete_cascade_t_data_t_title 			AFTER DELETE ON T_Data 			FOR EACH ROW 			WHEN ((SELECT event_id FROM T_Data WHERE title_id = OLD.title_id LIMIT 1) ISNULL) BEGIN 			  DELETE FROM T_Title WHERE id = OLD.title_id; 			END;
CREATE TRIGGER tr_on_delete_cascade_t_data_t_short_description 			AFTER DELETE ON T_Data 			FOR EACH ROW 			WHEN ((SELECT event_id FROM T_Data WHERE short_description_id = OLD.short_description_id LIMIT 1) ISNULL) BEGIN 			  DELETE FROM T_Short_Description WHERE id = OLD.short_description_id; 			END;
CREATE TRIGGER tr_on_delete_cascade_t_data_t_extended_description 			AFTER DELETE ON T_Data 			FOR EACH ROW 			WHEN ((SELECT event_id FROM T_Data WHERE extended_description_id = OLD.extended_description_id LIMIT 1) ISNULL) BEGIN 			  DELETE FROM T_Extended_Description WHERE id = OLD.extended_description_id; 			END;
CREATE TRIGGER tr_on_update_cascade_t_data_t_title 			AFTER UPDATE ON T_Data 			FOR EACH ROW 			WHEN (OLD.title_id <> NEW.title_id AND ((SELECT event_id FROM T_Data WHERE title_id = OLD.title_id LIMIT 1) ISNULL)) BEGIN 			  DELETE FROM T_Title WHERE id = OLD.title_id; 			END;
CREATE TRIGGER tr_on_update_cascade_t_data_t_short_description 			AFTER UPDATE ON T_Data 			FOR EACH ROW 			WHEN (OLD.short_description_id <> NEW.short_description_id AND ((SELECT event_id FROM T_Data WHERE short_description_id = OLD.short_description_id LIMIT 1) ISNULL)) BEGIN 			  DELETE FROM T_Short_Description WHERE id = OLD.short_description_id; 			END;
CREATE TRIGGER tr_on_update_cascade_t_data_t_extended_description 			AFTER UPDATE ON T_Data 			FOR EACH ROW 			WHEN (OLD.extended_description_id <> NEW.extended_description_id AND ((SELECT event_id FROM T_Data WHERE extended_description_id = OLD.extended_description_id LIMIT 1) ISNULL)) BEGIN 			  DELETE FROM T_Extended_Description WHERE id = OLD.extended_description_id; 			END;
COMMIT;
